evidence_id,observation,conditions
EV-0001,"The French navigation lists nine standalone ovens: three Karu, five Koda and the Volt 2.",Inventory of the French collection on the check date
EV-0002,The Karu 2 Pro pack with gas burner is presented as a bundle rather than as a standalone model.,Inventory of the French collection on the check date
EV-0010,The Koda 2 is an outdoor propane oven stated to accommodate pizzas up to 35 cm.,French manufacturer specification
EV-0011,"The page displays 545 × 472 × 333 mm and 21.5 × 28.4 × 13.1 inches as unpacked dimensions, a weight of 16 kg and a 15 mm stone.",French manufacturer specification; dimensional equivalents retained as displayed
EV-0012,The manufacturer claims a maximum temperature of 500°C and a Neapolitan-style pizza in 60 seconds.,Manufacturer claim not independently replicated by Four à Nu
EV-0020,"The Koda 2 Pro is an outdoor propane oven stated to accommodate 45 cm pizzas, with a stone measuring 53 cm at the front and 46 cm at the rear.",French manufacturer specification
EV-0021,"The manufacturer displays 682 × 652 × 393 mm, a weight of 30 kg and a 20 mm stone for the Koda 2 Pro.",French manufacturer specification
EV-0022,"The manufacturer claims 500°C, a pizza in 60 seconds and includes the Ooni Connect hub with a food probe.",Manufacturer claim not independently replicated by Four à Nu
EV-0030,"The Koda 2 Max is presented as a 61 cm oven with a stated maximum pizza size of 50 cm, or two 30 cm pizzas at the same time.",French manufacturer specification; oven size distinguished from stated maximum diameter
EV-0031,"The manufacturer specifies two independent gas zones, a weight of 43 kg, two 20 mm stones and dimensions of 80 × 72.2 × 42.8 cm.",French manufacturer specification
EV-0032,"The manufacturer claims a range from 100 to 500°C, a ready-to-cook state in 30 minutes at 400°C and a pizza in 60 seconds.",Manufacturer claim not independently replicated by Four à Nu
EV-0040,"The Koda 12 is a gas oven stated to accommodate 30 cm pizzas, with a weight of 9.2 kg and a 10 mm stone.",French manufacturer specification
EV-0041,The manufacturer displays dimensions of 62 × 39 × 29 cm and specifies a 1/2-inch threaded connection compliant with the French NF regulator requirement.,French manufacturer specification
EV-0042,The manufacturer claims 500°C in 15 minutes and a 30 cm pizza in 60 seconds.,Manufacturer claim not independently replicated by Four à Nu
EV-0050,"The Koda 16 is a gas oven stated to accommodate 40 cm pizzas, fitted with an L-shaped burner and a 15 mm stone.",French manufacturer specification
EV-0051,The page displays a weight of 18.2 kg and two metric dimensions with the unit m in a table whose imperial values describe a domestic oven.,French manufacturer specification; unit retained as published
EV-0052,The manufacturer claims 500°C in 20 minutes and a pizza in 60 seconds.,Manufacturer claim not independently replicated by Four à Nu
EV-0060,The manufacturer page specifies that the Karu 12G is now called the Karu 2.,Naming history stated by the manufacturer
EV-0061,"The Karu 2 accepts wood and charcoal, or propane with a separate burner; it is stated to accommodate pizzas of 30 cm and over, weighs 15.3 kg and uses a 15 mm stone.",French manufacturer specification
EV-0062,"The manufacturer claims 450°C in 15 minutes, a maximum temperature of 500°C and a pizza in 60 seconds.",Manufacturer claim not independently replicated by Four à Nu
EV-0063,The metric dimensions table displays two distinct axes under the same width label.,French manufacturer specification; labels retained as displayed
EV-0070,"The Karu 2 Pro accepts wood and charcoal, or propane with a burner sold separately, and it is stated to accommodate pizzas up to 40 cm.",French manufacturer specification
EV-0071,"The manufacturer displays a 43 cm-wide cooking surface, a weight of 28.4 kg, a 15 mm stone and dimensions of 50 × 83 × 83 cm.",French manufacturer specification
EV-0072,The Karu 2 Pro includes a ClearView door and an Ooni Connect hub with a food probe.,French manufacturer specification
EV-0073,The manufacturer claims 500°C in 15 minutes and a wood-fired pizza in 60 seconds.,Manufacturer claim not independently replicated by Four à Nu
EV-0080,"The Karu 12 accepts wood and charcoal, or propane with a burner sold separately, and it is stated to accommodate 30 cm pizzas.",French manufacturer specification
EV-0081,"The manufacturer displays a weight of 12 kg, a 15 mm stone and dimensions of 80 × 40 × 77 cm.",French manufacturer specification
EV-0082,"The manufacturer claims 450°C in 15 minutes, a maximum temperature of 500°C and a pizza in 60 seconds.",Manufacturer claim not independently replicated by Four à Nu
EV-0090,"The Volt 2 is an indoor electric oven presented for 30 cm pizzas, while its FAQ mentions a 33 cm cooking surface.",French manufacturer specification; two usage dimensions retained separately
EV-0091,"The manufacturer displays a range from 20 to 450°C, a 220 to 240 V power supply and 1,600 W, a weight of 17.6 kg and a 10 mm stone.",French manufacturer specification
EV-0092,The manufacturer claims a ready-to-cook state in 12 minutes and a Neapolitan pizza in 90 seconds.,Manufacturer claim not independently replicated by Four à Nu
EV-0100,The imperial and metric dimensions displayed together on the Koda 2 page are not all equivalent; they must be checked again before comparison.,Internal consistency check with no silent correction
EV-0101,The metric unit m displayed for two Koda 16 dimensions is inconsistent with the context and must not be reproduced as metres.,Internal consistency check with no substitution by an assumed value
EV-0102,The Karu 2 dimensions table duplicates the width label for its third dimension; the exact orientation remains to be confirmed.,Internal consistency check with no silent correction
EV-0103,"The 30 cm presentation and the FAQ reference to a 33 cm surface probably describe two different concepts, but the page does not allow them to be standardised without clarification.",Internal consistency check with no silent correction
EV-0200,"The sequence moves from unboxing to ignition after the legs are unfolded, the stone is inserted and the propane is connected.",Setup sequence with no assembly timing
EV-0201,The low rear clearance makes it difficult to pass a brush through while the oven is hot.,Ergonomic observation from a single configuration
EV-0202,The third party records more than 800°F on the stone floor after 20 minutes and around 900°F after 30 minutes.,Rainy day at 56°F; infrared thermometer; stone-floor measurement; one session
EV-0203,A Neapolitan pizza is baked in around 60 seconds after a launch stated to be at around 800°F.,65% hydration poolish dough; maximum flame; video estimate; one repetition
EV-0204,"The third party launches New York-style pizzas with the stone floor stated to be at around 650°F, turns the flame off at launch, then raises it to medium.",62% hydration dough; three-day cold fermentation; 12-inch pizzas; spot measurement
EV-0210,"The third party measures 400°C at the centre of the stone floor after 25 minutes, then a plateau close to 450°C after 35 minutes.",Oven initially covered in snow; outdoor air 2°C; IR thermometer; centre measured at 15 minutes then every five minutes for one hour
EV-0211,"A 12-inch pizza is turned 90 degrees after around 30 seconds, then every 15 seconds, for a winter bake lasting close to two minutes.",235 g dough ball; cold conditions from the same session; visible timing; one detailed bake
EV-0212,The cylinder loses slightly more than 400 g after two hours at full power.,Cylinder weighed before and after; two hours; the creator describes the method as imprecise; one session
EV-0213,The stone floor returns to around 400°C in two minutes after removal of a plate that absorbed its heat for two minutes.,Initial stone floor at 400°C; Ooni plate placed for two minutes; IR measurement; one cycle
EV-0220,A single dial controls both burners simultaneously; one side cannot be adjusted or switched off separately.,Observation of the controls on a unit purchased by the creator
EV-0221,"The routine shown consists of preheating at full flame, then reducing to between three-quarters and full power before baking.",Stated usage routine after one year; preheating duration not retained as a measurement
EV-0222,"The creator checks the stone floor with a laser thermometer, targets 430°C at the centre and launches closer to the front when the rear exceeds 440°C.",Empirical target from one user; spot measurement; no quantified repetition
EV-0223,"At table height, the glass deflector reflects the surroundings and the creator has to crouch to see beneath the glass.",Ergonomic observation dependent on table height and lighting
EV-0230,The interior space and two independent burners allow separate baking on each side.,Functional observation; no uniformity measurement
EV-0231,A first Neapolitan pizza is baked in exactly 60 seconds after a launch at 910°F; the third party then considers that the stone floor would have benefited from a few more seconds.,Burner set to high; stated stone-floor temperature; one pizza; final visual assessment
EV-0232,Two pizzas are baked simultaneously in around 80 seconds and their results are described as similar on both sides.,Burners at medium to medium-high; one pair of pizzas; similarity assessed visually without an instrument
EV-0233,"A 20-inch New York-style pizza suffers a small tear during launch, then bakes first on a screen before being finished directly on the stone floor.",One bake; visible handling constraint
EV-0240,"The sequence shows installation of the chimney, stone, door and rear burner.",Assembly stated to take around ten minutes; complete timing not visible
EV-0241,The stone floor reaches 950°F during readings taken every five minutes.,Air 68°F; infrared thermometer; other ovens in the graph tested at 56°F and therefore not directly comparable
EV-0242,A pizza is baked for 75 seconds after a launch at 912°F; the underside finishes baking before the top.,Poolish dough; high flame; one pizza
EV-0243,A second trial is baked for 82 seconds after a launch at 865°F.,60% hydration dough; door closed during the first half then opened for turns; one pizza
EV-0244,A New York-style trial launched at 664°F is judged too hot; a second at 534°F bakes for four minutes with a low flame followed by a final increase.,Two pizzas; visual assessment of the first result; flame protocol changed between trials
EV-0250,Switching from gas to wood requires loosening two screws and exchanging the burner for the rear panel.,Demonstration on a test unit; gas burner sold separately
EV-0251,"The integrated thermometer does not directly measure the surface of the stone floor, and the creator also uses an infrared thermometer.",Observation of the device and the instrumentation used in the session
EV-0252,Full temperature takes around 30 to 40 minutes in this gas session.,Gas at full power; initial stone floor 44°F; integrated and IR thermometers; wood preheating not documented; one session
EV-0253,"The flame is reduced after launch and then raised again to colour the top, with several turns.",New York-style pizzas; 65% hydration dough; result not measured with instruments
EV-0260,"The sequence shows the Neapolitan, New York-style and pan-pizza presets, as well as a manual mode.",Three-month usage report with no pizza count or repeatable protocol
EV-0261,The window and lighting make it possible to follow the different areas of the pizza without regularly opening the door.,Ergonomic observation; no heat-loss test
EV-0262,The creator uses an IR thermometer to check the stone floor and shows bakes with little or no turning thanks to the upper and lower elements.,Qualitative report; no uniformity measurement; no usable T-MES in this video
EV-0270,The IR thermometer records 800°F on the stone floor after 30 minutes while the dial indicates less than 700°F; the measured positions range from 627 to 903°F.,IR thermometer; several positions; one session; integrated dial compared with the surface
EV-0271,Eight 12-inch pizzas are baked in around 90 seconds with four to five turns each.,64% hydration dough; 72 h cold fermentation followed by freezing; 280 g dough balls; medium flame
EV-0272,"The stone floor drops from at least 800°F before launch to around 725°F after baking, then returns above 800°F in under two minutes.",IR thermometer; series of eight pizzas; stated loss close to 75°F
EV-0273,"A first Detroit-style protocol burns the pizza, while a second trial, baked for five minutes on each side away from the burner, gives a visibly better result.",9 × 13-inch pan; stone floor 500°F; minimum flame; protocol changed after failure
EV-0274,A 16-inch pizza initially baked on a pan has an undercooked centre before being finished directly on the stone floor.,No suitable screen; one pizza; tool constraint conflated with oven performance
EV-0300,"The Koda 2 Max reaches a displayed 400°C after 23 min 40 s, then the display quickly rises to 413°C.",Different doughs between users; one bake per oven; ambient temperature not measured with instruments
EV-0301,"After 40 minutes, the wood-fired Karu 2 is measured at around 350°C with an infrared thermometer.",Different doughs between users; one bake per oven; fuel not weighed
EV-0302,The Koda 2 displays 261°C while the IR readings indicate around 450 to 470°C; the sequence then reveals that its probe was connected incorrectly.,Invalid measurement retained as a signal to check the connection; do not use as performance evidence
EV-0303,The pizza in the electric oven takes around five minutes; the participants judge the bake fairly even but note more browning on the mozzarella.,Volt version not specified; different dough and user; one bake
EV-0304,"The U-shaped burner heats from three sides and requires fewer turns, but several crust rims become too dark while the users are getting to grips with it.",Different doughs between users; one bake per oven; beginners with this model
EV-0310,"After 5 min 55 s, the stone floor is stated to be at around 310°C.",Cube propane cylinder; full power; IR thermometer; one session
EV-0311,The stone-floor reading passes 400°C after around twelve minutes.,Cube propane cylinder; full power; IR thermometer; one session
EV-0312,"After 16 min 54 s, the videographer records around 435°C, with another area around 400°C.",Cube propane cylinder; full power; IR thermometer; one session
EV-0313,The single rear burner requires the pizza to be turned more than an L-shaped or U-shaped burner.,Architectural observation and attributed assessment; one unit
EV-0314,The single pizza is turned by about a quarter every four seconds; the creator then notes that the flame licking the ceiling can brown the mozzarella quickly.,One pizza; dough formula and post-bake recovery not documented
EV-0320,"After at least 45 minutes, the stone exceeds 500°C.",Delay interrupted by a call; heating time unusable; IR thermometer
EV-0321,"The first pizza is launched at minimum flame, then the flame is raised to shorten the bake; the underside is judged properly baked.",One pizza; starting temperature higher than the intended use; attributed result
EV-0322,"Before the second pizza, two readings are stated as 500 and 515°C; the test begins at full power and the flame is then reduced.",Two spot readings with an IR thermometer; one pizza
EV-0323,"On a second windy day, three pizzas and a panuozzo are baked with visually consistent results, without timing or a complete temperature series.",Wind not quantified; several preparations; visual observation
EV-0330,"On a first very windy day, the oven struggles to heat up; one pizza develops its crust rim but remains undercooked underneath.",Strong wind not measured; first of two sessions
EV-0331,"On the second day, after around 25 minutes, the front display indicates 364°C while the stone floor is measured at 440°C on the left and 412°C on the right.",Day stated to be windless; front thermometer and IR thermometer; one session
EV-0332,"Before two simultaneous 12-inch pizzas, the display exceeds 400°C and the IR readings give around 430 and 440°C; the operation succeeds, but the videographer judges it difficult for a beginner.",One pair of pizzas; ambient temperature not measured with instruments; measurement and assessment attributed
EV-0333,The underside of the first pizza remains pale; the next two are better baked after more heat has accumulated.,Three pizzas; visual assessment; non-constant protocol
EV-0334,"For the panuozzo, the front display indicates 328°C versus around 410 and 430°C on the two stone-floor zones; the underside requires additional baking.",One preparation; divergence between displayed air temperature and stone floor
EV-0340,"Initially set to 270°C, the oven displays around 280°C after twenty minutes; the videographer records around 315°C on the stone floor and 300°C on the ceiling.",One session; IR thermometer; setting and measurement surfaces distinct
EV-0341,"A Margherita is launched in Neapolitan mode at around 430°C with a target of 1 min 30 s; the underside is judged baked, but the speed unsettles the creator.",T00 dough at 75% hydration prepared the day before; one bake
EV-0342,The Roman-style pizza baked at around 350 to 360°C with sourdough remains soft; the videographer considers that around thirty additional seconds would have been useful.,T80 sourdough; style and recipe different from the previous trial
EV-0343,"After the session, the creator personally settles on around 400°C for his Neapolitan dough and 370°C for his sourdough, noting that the setting depends on the dough.",Personal preference derived from different recipes; no standardised repetition
EV-0350,"The wall probe rises from 55°C to 100°C in four minutes, 200°C in 6 min 30 s, 300°C in under eight minutes and 400°C in 9 min 48 s.",Pellets; charcoal; slightly damp wood; wall probe rather than stone-floor probe; one initial session
EV-0351,The first three pizzas take around 90 seconds to two minutes; the author then considers that the stone floor would have benefited from being at around 430 to 450°C.,T45 dough; beginner videographer; stone-floor temperature not measured at that point
EV-0352,"Four days later, the oven reaches 474 then around 500 to 520°C; a 1 min 20 s bake darkens the crust rim too much, while the next is stopped at around 60 seconds.",Second session; solid fuel; two pizzas; uncalibrated instrumentation
EV-0353,"With gas, a naan is tried at around 270°C for three to four minutes, a brioche at around 160 to 180°C, then several pizzas at around 90 seconds.",Gas module; different recipes and temperatures; non-standardised series
EV-0354,The tester says he perceives no difference in taste between gas and solid fuels.,Tasting neither blind nor standardised; personal judgement
EV-0360,"The videographer fills the hopper, checks the chimney opening and states a wait of 15 to 20 minutes before baking.",Outdoor use; full hopper; pellets and natural firelighters; wind and ambient temperature not documented
EV-0361,"After around twenty minutes, the stated IR reading is close to 500°C; between the two pizzas, the creator states 473°C and adds more pellets.",Two readings; value close to 500°C transcribed imperfectly; only two pizzas
EV-0362,The first pizza is checked after around twenty seconds and then turned every 10 to 15 seconds; it is finished at around 1 min 50 s.,One pizza; one side left for around five seconds too long; video timing
EV-0363,The second pizza is handled more quickly and has a more even underside and an aerated crust rim.,Visual observation; no displayed timing; two pizzas in total
EV-0364,The creator stresses the need for frequent pellet refilling and the necessary turns.,Qualitative report from one session; pellet quantity not measured
EV-0370,"After three minutes, the stated central readings are around 155°C for the gas Koda and 93°C for the wood-fired Branner.",Same dough for both ovens; gas and wood starts; IR thermometer; one unit of each oven
EV-0371,"Later, both stone floors are stated to be at around 233 to 241°C; the presenters observe that the Branner catches up with the Koda after its slower start.",Same dough; exact comparison times not standardised; one session
EV-0372,"The two pizzas from the same batch have undersides and colouring judged to be similar; the Koda maintains a constant temperature more easily, while the Branner requires the small logs to be monitored.",One pizza per oven; T00 flour; 60% hydration; around 30 hours refrigerated
EV-0373,The tasters say they perceive no difference between wood and gas in these short bakes.,Tasting not documented as blind; one pizza per oven
EV-0374,"Around fifteen minutes after shutdown, the Koda stone floor is stated to be at 150°C and the Branner stone floor at 230°C.",Residual heat after shutdown; different architectures and fuels; one session
EV-0400,The Karu 12 appears best suited to a buyer who wants to cook with wood or charcoal in a compact format; its appeal diminishes if straightforward gas use is the main purpose.,"Usage inference based on the stated fuels, the 30 cm format and the weight of 12 kg; no third-party measurement is available."
EV-0401,The Karu 2 Pro is better suited to a fixed installation and regular use of fire than to storage after every bake.,"Usage inference based on the weight of 28.4 kg, the large format, the observed conversion and the absence of a shared protocol."
EV-0402,The Karu 2 is a sensible entry point for learning to manage wood or charcoal; the gas burner remains a fallback rather than its main reason for purchase.,"Usage inference based on the format, the stated fuels and the actions observed in non-comparable sessions."
EV-0403,The Koda 12 appears well suited to someone needing a compact gas oven; the corpus does not support recommending its performance or throughput.,"Usage inference based on the 30 cm format, the weight of 9.2 kg and the absence of third-party measurement."
EV-0404,"The Koda 16 offers useful handling room for large pizzas, but its weight and format favour a stable location.","Usage inference based on the stated diameter, the published weight and a non-standardised third-party comparison."
EV-0405,The relevance of the Koda 2 Max depends on frequent use of its two zones; its weight of 43 kg and the available sessions do not justify a general throughput gain.,"Usage inference based on the stated capacity, the weight and simultaneous bakes without a repeated series."
EV-0406,The Koda 2 Pro appears best suited to large pizzas and a fixed location; its size is difficult to justify for pizzas close to 30 cm.,"Usage inference based on the stated 45 cm diameter, the weight of 30 kg and the observed turns."
EV-0407,The Koda 2 offers the most balanced gas compromise in the current Ooni corpus for a household that wants more room than a 30 cm format without moving up to 30 kg.,"Usage inference based on the diameter, the weight, incompatible heating measurements and the observed turning actions."
EV-0408,The Volt 2 is the first model to examine when indoor baking is essential; the sources do not justify choosing it on a general promise of speed.,"Usage inference based on the stated indoor use, the observed controls and bakes with different settings."
EV-0409,"The permitted location and the actions a user accepts must come before the choice of model; the corpus does not support an overall performance ranking of gas, electricity and solid fuels.",Decision inference based on the stated uses and a limited third-party comparison between gas and wood.
EV-0410,"The range can usefully be narrowed by filtering first by location and energy source, then by diameter and weight, before examining throughput, which remains poorly measured.",Journey inference based on the French inventory and the published characteristics of the main formats.
EV-0500,"Gozney states an oven measuring 530 × 629 × 342 mm, a chamber of 427 × 517 × 173 mm, an opening of 427 × 95 mm and a weight of 26.5 kg.",French product page checked on 24 August 2026; stated packaged weight of 33 kg; removable 20 mm cordierite stone floor.
EV-0501,"The French page states propane fuel, pizzas up to 40 cm, a maximum temperature of 500°C, a cooking surface of 2,184 cm² and a price of €899.99.",Price and characteristics recorded on 24 August 2026; price and availability subject to change.
EV-0502,"Gozney restricts the Arc XL to outdoor use and states a standard one-year warranty, extended to five years if the product is registered within sixty days of purchase.",Warranty terms displayed on the French page on 24 August 2026; exact eligibility remains subject to Gozney's terms.
EV-0503,"The manual requires at least 30 cm of clearance behind and at the sides, and 100 cm in front, from combustible elements; it prohibits installation under or on a combustible structure.",European manual in German linked from the French page and checked on 24 August 2026; local installation constraints still apply.
EV-0504,The manual states that the digital display gives the temperature inside the oven and publishes recommended ranges by pizza style.,The version consulted does not describe precisely enough the relationship between this value and the different areas of the stone's upper surface.
EV-0505,The author reports a stone floor close to 400°C after 15 to 20 minutes of heating.,"One unit used for one month for 12- to 16-inch pizzas; measurement point, starting temperature, weather and flame setting not published."
EV-0506,"For 16-inch pizzas, the author reports close proximity to the flame and the need to turn early, with a risk of tearing a base that is still soft.",One unit used for one month; 12- to 16-inch pizzas; dough and turning protocol not published.
EV-0507,The author interprets the front display as a measurement of the air in the chamber and uses an infrared thermometer to check the stone floor.,Usage interpretation on one unit; no metrological protocol or exact sensor location published.
EV-0508,"The author reports that the stone floor is difficult to remove without the dedicated kit and describes removal by tilting the oven, which is safer with two people.",One operation described on one unit; removal kit not used; no documented repetition.
EV-0509,The article presents the display as a calibrated indicator of stone saturation and distinguishes its value from surface readings taken with an infrared thermometer.,Interpretation published from one Arc XL session; no independent metrological validation of the sensor.
EV-0510,"The weight, clearances and removal of the stone floor favour a lasting installation rather than storage after every bake.","Usage inference based on the manufacturer's dimensions, the safety instructions and a third-party maintenance observation."
EV-0511,The relevance of the XL format lies more in the turning room around a 30 to 35 cm pizza than in systematically using the maximum 40 cm diameter.,"Usage inference; the 40 cm capacity is stated by Gozney, but two third-party sessions report baking constraints at that diameter."
EV-0512,"Two publications place the approach to a stone floor close to 400°C between 15 and 30 minutes, without supporting an average or a universal promise.","Synthesis of two independent publishers; weather, starting temperature, measurement points and flame setting do not follow a shared protocol."
EV-0520,"The French page displays €399.99, a weight of 12 kg, external dimensions of 430 × 481 × 297 mm, a chamber of 325 × 355 × 150 mm and an opening of 325 × 85 mm.",Price and characteristics recorded on 24 August 2026; outdoor propane oven for 12-inch pizzas; removable 12 mm cordierite stone floor; price and availability subject to change.
EV-0521,"The French page displays €499.99, a weight of 13.5 kg, external dimensions of 418 × 484 × 320 mm, a chamber of 310 × 380 × 150 mm and an opening of 310 × 85 mm.",Price and characteristics recorded on 24 August 2026; outdoor propane oven for 12-inch pizzas; removable 12 mm cordierite stone floor; transport accessories sold separately; price and availability subject to change.
EV-0522,"The manual requires using the grips beneath the chassis, waiting at least thirty minutes before moving the oven, and keeping 30 cm clear behind and at the sides and 1 m clear in front.","European manual checked on 24 August 2026; pages 5, 17 and 18; outdoor appliance to be placed on a stable, non-combustible surface; the manual gives no transport temperature."
EV-0523,"In a side-by-side comparison, the Tread reaches 700°F in 14 min 30 s versus 20 minutes for the Arc Lite; the two stone floors then fall back to 150°F in 38 and 43 minutes respectively.","One session; data logger and probes stated to support 1,200°F; wind not quantified; propane cylinders swapped during the session; ambient temperature and exact probe locations not published."
EV-0524,The Tread reaches 850°F in 23 minutes versus 36 minutes for the Arc Lite; the author repeats his trials with three cylinders on the Arc Lite and publishes a maximum of 922°F.,One comparison; ovens at full power; threshold chosen by the author; outdoor temperature and exact sensor location not published.
EV-0525,"After twenty minutes of stabilisation at 850°F and a pizza baked for 90 seconds, the Tread returns to 850°F in 2 min 45 s versus 7 minutes for the Arc Lite.","One pizza per oven; stone floors stated to be at 730 and 725°F just after baking; dough, weather and repeatability of the series not detailed."
EV-0526,"The comparison shows upper handles, stone retention, a quick gas connection and hose storage on the Tread; the Arc Lite keeps a fixed hose and grips beneath the chassis.",Visual observation of two units; the Tread's transport accessories are sold separately.
EV-0527,"Across eight pizzas from 9 to almost 12 inches, the author reports that the smaller ones turn easily, prefers 10 to 11 inches and does not wait for the stone floor to recover when the pace remains relaxed.",One session; 63% hydration dough; 24 h cold fermentation followed by around 5 h at ambient temperature; preheating of around 30 minutes; stone floor stated to be between 750 and 800°F before launches.
EV-0528,"Two direct comparisons see the Tread reach the chosen heating threshold faster than the Arc Lite, without supporting calculation of an average difference.","Synthesis of two distinct publishers; thresholds, instruments, outdoor conditions and protocols differ."
EV-0529,The Arc Lite is the most sensible choice if the oven will remain at home; the Tread's additional cost is justified mainly by frequent transport or pizzas baked in very close succession.,"Decision inference based on dated French prices, transport actions, one recovery measurement and an Arc Lite series at a relaxed pace."
EV-0600,The French range presents two current mixers: the 4.5 L Halo Core at €599 and the 7 L Halo Pro at €799.,French inventory and prices recorded on 24 August 2026; availability and prices subject to change.
EV-0601,"Ooni states a 4.5 L bowl, a dough range from 500 g to 2.5 kg, 20 speeds, 300 W and a weight of 10.55 kg.","French product page checked on 24 August 2026; stated accessories: spiral hook and breaker bar, beater, geared whisk, lid and splash guard."
EV-0602,"Ooni states a 7 L bowl, a dough range from 1 to 5 kg, 58 speeds, 750 W, a weight of 14.6 kg and a shut-off timer.",French product page checked on 24 August 2026.
EV-0603,"The launch video shows the Halo Pro and Halo Core side by side, followed by the Core operating on its own.",Official ten-second Ooni video; no kneading result published.
EV-0610,"A batch of around 4.52 kg at 70% hydration is kneaded for around sixteen minutes, with a stated final speed of 260 rpm.","One session; 2,612 g flour, 1,828 g water, 78 g salt and yeast; water incorporated in several stages; type 00 flour; final temperature not published."
EV-0611,"Near the end, the machine becomes louder and moves slightly; it completes the batch and the dough passes the windowpane test shown on screen.",Same session of around 4.52 kg at 70%; visual and audible observation on one unit; no repetition.
EV-0612,"Across two bread doughs, the first comes out warm enough to accelerate fermentation; the second, prepared with chilled water, comes out at ambient temperature after eight minutes and ferments correctly.",One Halo Pro sent by Ooni; two batches of hoagie bread; masses and starting and finishing temperatures not published.
EV-0613,"After two months and several recipes, the journalist reports having overkneaded two shokupan doughs before identifying the problem; the timer does not assess gluten development.","One unit used for pizzas, breads, biscuits, muffins and cream; no standardised protocol or complete record of mass and temperature."
EV-0614,"After fermentation, a dough intended for three pizzas approaches the top of the bowl; the dial offers 20 settings with no individual marking for each speed.","Initial handling of a recently launched appliance; dough mass, fermentation duration and temperature not published."
EV-0620,The Halo Core is the sensible choice when usual batches remain between 500 g and 2.5 kg; the Halo Pro becomes relevant above that range or if its timer is genuinely useful.,"Decision inference based on the dough ranges, weights and dated prices of both models."
EV-0621,The motor's thermal protection and automatic shut-off do not replace monitoring the temperature and development of the dough.,Cautious inference based on manufacturer statements and third-party observations.
EV-0622,"With the same formula and programme, a first dough finishes at 28.6°C; a second prepared with water lowered to 11.9°C finishes at 26.4°C.","Two kneads; 1 kg T65 flour, 650 g water, 18 g salt and 8 g fresh yeast; 4 minutes at 30% then 6 minutes at 60%; ambient temperature and flour temperature recorded before the second trial."
EV-0623,"In a comparison using a formula stated to be at 88% hydration, the author judges development to be similar on both appliances; she also reports that 600 to 700 g can climb the Core's hook and need to be pushed back down, while a 500 g trial reportedly worked.","Exact mass of the head-to-head trial, speeds, durations, final temperatures and repetitions not published; exploratory observations on one unit of each appliance."
EV-0624,A manufacturer's stated minimum dough quantity must not be presented as a guaranteed comfort threshold for every recipe.,Cautious inference based on manufacturer ranges and a paid comparison that describes interventions on some small doughs without a reproducible protocol.
EV-0700,"The French collection presents seven standalone ovens: Dome XL (Gen 2), Dome (Gen 2), Arc XL, Arc, Arc Lite, Tread and Roccbox.",Inventory checked on 24 August 2026; packs and colour variants are not counted as distinct ovens; prices and availability subject to change.
EV-0701,"The most useful way to choose is to distinguish first between a fixed installation and an oven that will be moved, then consider how many pizzas will actually be baked at the same time and the desired fuel.","Purchase inference based on the published weights, dimensions, capacities and fuels of the seven models; no shared performance is inferred."
EV-0702,"Gozney displays €2,499.99, a weight of 73 kg, external dimensions of 946 × 697 × 997 mm and a stated capacity of one 18-inch pizza, two 12-inch pizzas or three 10-inch pizzas.","French page checked on 24 August 2026; wood, charcoal and propane stated; price and availability subject to change."
EV-0703,"The page states a removable 30 mm cordierite stone floor, three-layer insulation, a display for air and stone-floor temperatures, a timer and two meat probes.",Manufacturer characteristics; the oven arrives assembled and Gozney recommends four people for unboxing because of its weight.
EV-0704,The Dome XL (Gen 2) is justified mainly as a fixed part of an outdoor kitchen when several pizzas or several dishes genuinely need to cook together.,"Usage inference based on 73 kg, a width of 94.6 cm and the stated capacities; the corpus does not measure the throughput gain for a solo cook."
EV-0705,"Gozney displays €1,999.99, a weight of 62 kg, external dimensions of 826 × 652 × 986 mm and a stated capacity of one 16-inch pizza or two 10-inch pizzas.","French page checked on 24 August 2026; wood, charcoal and propane stated; price and availability subject to change."
EV-0706,"The page states a removable 30 mm cordierite stone floor, a display for air and stone-floor temperatures, a timer and two meat probes.",Manufacturer characteristics; the oven arrives assembled and Gozney recommends four people for unboxing because of its weight.
EV-0707,The standard Dome appears sufficient for one large pizza or two small ones; the XL's additional €500 and 11 kg mainly make sense when its width is used regularly.,"Purchase inference based on manufacturer prices, weights, dimensions and capacities; no shared independent comparison is available."
EV-0708,"Gozney displays €699.99, a weight of 21.5 kg, external dimensions of 480 × 564 × 342 mm and a chamber of 377 × 462 × 173 mm for pizzas up to 35 cm.","French page checked on 24 August 2026; outdoor propane oven, removable 20 mm cordierite stone floor and stated maximum of 500°C; price subject to change."
EV-0709,"The Arc saves €200, 5 kg and 5 cm in width compared with the Arc XL; it appears more suitable if pizzas remain close to 30 to 32 cm.","Purchase inference based on manufacturer dimensions, weights, prices and diameters; no shared measurement establishes a difference in baking."
EV-0710,"Gozney displays the Roccbox at €399.99 instead of €499.99, with a 12-inch pizza format, a removable propane burner, folding legs and a wood burner sold as an option.","French page checked on 24 August 2026; launch peel and gas burner stated to be in the box; promotion, price and availability subject to change."
EV-0711,"The Gozney help centre states a weight just under 20 kg and, with the legs unfolded, a height of 473 mm, a depth of 540 mm and a width of 413 mm.",Manufacturer measurements; opening stated as 300 × 88 mm and stone floor as 310 × 340 mm; no tolerance is published.
EV-0712,"The Roccbox can be transported by car, but at nearly 20 kg it is less portable than the 13.5 kg Tread; its particular appeal lies in the optional wood burner and included equipment.","Purchase inference based on manufacturer weights, included accessories and stated fuels; no independent endurance comparison is added."
EV-0800,ASIN B0G8KQW3ZW could be ordered at €50.00 and was shown as in stock.,"Amazon.fr page checked for delivery to Paris 75001; price, seller, offer contents and stock subject to change."
EV-0801,"Ooni states a 30.5 cm anodised-aluminium head, a glass-reinforced nylon handle, perforations intended to release flour and steam, 585 g and 65.9 × 30.5 × 3 cm.","Manufacturer specifications; hand washing, indoor storage and no prolonged exposure to high temperatures also stated."
EV-0802,ASIN B08BCP36HF could be ordered at €49.99 with twelve units displayed.,"Amazon.fr page checked for delivery to Paris 75001; price, seller, offer contents and stock subject to change."
EV-0803,"Ooni states a solid aluminium plate, a glass-reinforced nylon handle, 530 g and 30.5 × 66 × 3.5 cm for the 30 cm version.",Manufacturer specifications for the selected version.
EV-0804,ASIN B07TB9LBHR could be ordered at €34.99 and was shown as in stock.,"Amazon.fr page checked for delivery to Paris 75001; price, seller, offer contents and stock subject to change."
EV-0805,"Ooni states 50.5 × 30.5 × 1.2 cm, 717 g and use for launching, serving and cutting for its 30 cm peel board.","Manufacturer specifications; hand washing, complete drying and no prolonged exposure to extreme temperatures stated."
EV-0806,ASIN B00MBVA64Q could be ordered at €38.06 and was shown as in stock.,"Amazon.fr page checked for delivery to Paris 75001; price, seller, offer contents and stock subject to change."
EV-0807,"Weber states a stainless-steel peel measuring 57 × 31.5 × 4.3 cm, a pivoting rubber handle and dishwasher compatibility.",French manufacturer specifications.
EV-0808,Ooni distinguishes solid or perforated launch peels from small turning peels and recommends matching peel width to the oven and the pizza.,Manufacturer guide used to distinguish the actions; no brand superiority is inferred from it.
EV-0809,"For a first peel around 30 cm, the practical choice depends first on the oven opening, launching technique, ability to shed excess flour and storage; the sources do not support a shared durability or comfort ranking.","Purchase inference based on published dimensions, materials, uses and limits; no Four à Nu comparative test."
EV-0810,ASIN B00164DYPM could be ordered at €30.82 with €4.99 delivery and was shown as in stock.,"Amazon.fr page checked for delivery to Paris 75001; price, seller, offer contents and stock subject to change."
EV-0811,"Dreamfarm states a length of 32 cm, a weight of 200 g, separable 15 cm 420J2 stainless-steel blades and a nylon shoe resistant up to 205°C to protect the cutting surface.",Manufacturer specifications; dishwasher compatibility and serving use also stated.
EV-0812,ASIN B005GB8LZE could be ordered at €29.90 and was shown as in stock.,"Amazon.fr page checked for delivery to Paris 75001; price, seller, offer contents and stock subject to change."
EV-0813,"Triangle describes stainless-steel scissors with raised handles, able to cut up to the edge of a tray, with separable dishwasher-safe blades.",Manufacturer specifications; no serving-peel function stated.
EV-0814,ASIN B07N7RGL8H could be ordered at €11.10 with €7.64 delivery and three units displayed.,"Amazon.fr page checked for delivery to Paris 75001; price, seller, offer contents and stock subject to change."
EV-0815,"GEFU states 27.2 × 8.2 × 1.6 cm, 186 g, separable blades, a small serving peel, dishwasher compatibility and a five-year warranty.",Manufacturer specifications; steel and Soft Touch plastic stated.
EV-0816,ASIN B07N242DNY could be ordered at €6.19 and was shown as in stock.,"Amazon.fr page checked for delivery to Paris 75001; price, seller, offer contents and stock subject to change."
EV-0817,"Fackelmann presents black 25 cm pizza scissors; the public documentation gathered remains less detailed than for the other three references on disassembly, weight and heat resistance.",Manufacturer documentation consulted with the merchant page without extrapolating missing characteristics.
EV-0818,"The choice depends mainly on the surface to protect, the edge of the dish, serving and cleaning; the sources do not support a shared ranking of cutting effort, edge retention or durability.",Purchase inference based on the stated geometry and functions; no Four à Nu comparative test.
EV-0820,ASIN B0GGSFJWD3 could be ordered at €40.00 and was shown as in stock.,"Amazon.fr page checked for delivery to Paris 75001; price, seller, offer contents and stock subject to change."
EV-0821,"Ooni states -30 to 550°C, a 10:1 distance-to-spot ratio, adjustable emissivity, a response under 300 ms and minimum, maximum and average modes; the device is preset for Ooni cordierite.",Manufacturer specifications; accuracy not independently assessed by Four à Nu.
EV-0822,ASIN B0CFVZQFZ5 could be ordered at €35.09 and was shown as in stock.,"Amazon.fr page checked for delivery to Paris 75001; price, seller, offer contents and stock subject to change."
EV-0823,"Bosch states -30 to 500°C, a 12:1 distance-to-spot ratio, three material groups and spot or continuous measurements; pizza stone is among the cited uses.",Manufacturer specifications; accuracy not independently assessed by Four à Nu.
EV-0824,ASIN B0BGGJH3G2 could be ordered at €18.94 and was shown as in stock.,"Amazon.fr page checked for delivery to Paris 75001; price, seller, offer contents and stock subject to change."
EV-0825,"ThermoPro states -50 to 550°C, a 12:1 distance-to-spot ratio, emissivity adjustable from 0.1 to 1.0, a 500 ms response and minimum, maximum and average displays.",Manufacturer specifications; accuracy not independently assessed by Four à Nu.
EV-0826,ASIN B0D2R4GGF5 could be ordered at €24.99 and was shown as in stock; the offer included a separate food probe.,"Amazon.fr page checked for delivery to Paris 75001; price, seller, offer composition and stock subject to change."
EV-0827,"Tilswall states -50 to 600°C, a 12:1 distance-to-spot ratio, adjustable emissivity, a 0.5 s response and high and low alarms.",Manufacturer specifications for the infrared sensor; the food probe in the Amazon offer is a separate sensor.
EV-0828,"All four devices cover the stated temperatures of many pizza ovens; the practical choice depends more on the surface, distance-to-spot ratio and simplicity of the settings than on the numerical ceiling alone.","Purchase inference based on manufacturer ranges, distance-to-spot ratios and settings; no Four à Nu accuracy test."
EV-0830,ASIN B0CWPKL3JW could be ordered at €19.90 and was shown as in stock.,"Amazon.fr page checked for delivery to Paris 75001; price, seller, offer contents and stock subject to change."
EV-0831,"ZiiPa states 40.5 × 30 × 8.5 cm, polypropylene, an integrated airtight lid, dishwasher compatibility and up to six 250 g dough balls.",Manufacturer specifications; capacity depends on weight and proofing.
EV-0832,ASIN B08XY4JPKH could be ordered at €28.30 and was shown as in stock with its lid.,"Amazon.fr page checked for delivery to Paris 75001; price, seller, offer composition and stock subject to change."
EV-0833,"Gilac states 40 × 30 × 10 cm, 9 litres, 1.05 kg, food-grade HDPE, a flat and smooth base and an average capacity of six to nine dough balls.",Manufacturer specifications; French manufacture stated and capacity dependent on dough-ball weight.
EV-0834,ASIN B0CQMFMYVS could be ordered at €25.13 with eleven units displayed; the lid was not included.,"Amazon.fr page checked for delivery to Paris 75001; price, seller, offer composition and stock subject to change."
EV-0835,"HENDI states 53 × 32.5 × 9 cm externally, 48 × 28 × 8.5 cm internally, BPA-free HDPE, -40 to 90°C and a separate lid, reference 880982.",Manufacturer specifications; stackability stated.
EV-0836,ASIN B08XY4CQQR could be ordered at €38.25 and was shown as in stock with its lid.,"Amazon.fr page checked for delivery to Paris 75001; price, seller, offer composition and stock subject to change."
EV-0837,"Gilac states 60 × 40 × 9 cm, 15 litres, 1.27 kg and an internal base of 55.5 × 35.5 × 8 cm in HDPE.",Manufacturer specifications; French manufacture and a flat and smooth base stated.
EV-0838,"In a domestic refrigerator, a format close to 40 × 30 cm is the safest starting point; GN 1/1 and 60 × 40 cm formats make sense only after measuring the access clearance and the shelf, and checking whether the lid is supplied.","Purchase inference based on manufacturer or merchant dimensions, volumes and offers; no Four à Nu airtightness or durability test."
EV-0840,ASIN B0F544VFNG matched the exact Ooni Koda 2 model on Amazon.fr.,"Amazon.fr marketplace check for the French territory; seller, variant, contents and availability subject to change."
EV-0841,ASIN B0F5443PMQ matched the exact Ooni Koda 2 Pro model on Amazon.fr.,"Amazon.fr marketplace check for the French territory; seller, variant, contents and availability subject to change."
EV-0842,ASIN B0CVQDZD82 matched the exact Ooni Koda 12 model on Amazon.fr.,"Amazon.fr marketplace check for the French territory; seller, variant, contents and availability subject to change."
EV-0843,ASIN B0CVQNGC8X matched the exact Ooni Koda 16 model on Amazon.fr.,"Amazon.fr marketplace check for the French territory; seller, variant, contents and availability subject to change."
EV-0844,ASIN B0G7LQP7FY matched the exact Ooni Karu 2 model on Amazon.fr.,"Amazon.fr marketplace check for the French territory; seller, variant, contents and availability subject to change."
EV-0845,ASIN B0DLH28V1D matched the exact Ooni Karu 2 Pro model on Amazon.fr.,"Amazon.fr marketplace check for the French territory; seller, variant, contents and availability subject to change."
EV-0846,ASIN B0G4ZN7YNZ matched the exact Ooni Karu 12 model on Amazon.fr.,"Amazon.fr marketplace check for the French territory; seller, variant, contents and availability subject to change."
EV-0847,ASIN B0GXZZNLCM matched the exact Ooni Volt 2 model on Amazon.fr.,"Amazon.fr marketplace check for the French territory; seller, variant, contents and availability subject to change."
EV-0848,ASIN B0H629MKNC matched the exact Ooni Halo Core model on Amazon.fr.,"Amazon.fr marketplace check for the French territory; seller, variant, contents and availability subject to change."
EV-0849,"ASIN B0FPXDMSFZ matched the exact Ooni Halo Pro model, and the authorised affiliate short link resolved to this page.","Amazon.fr marketplace check for the French territory; seller, variant, contents and availability subject to change."
EV-0850,The Amazon.fr search did not find a page that unambiguously matched the exact Ooni Koda 2 Max model.,Search performed for the French territory; this spot check does not prove unavailability and does not justify any generic link.
EV-0851,The Amazon.fr search did not find a page that unambiguously matched the exact Gozney Arc XL model.,Search performed for the French territory; this spot check does not prove unavailability and does not justify any generic link.
EV-0852,The Amazon.fr search did not find a page that unambiguously matched the exact Gozney Arc Lite model.,Search performed for the French territory; this spot check does not prove unavailability and does not justify any generic link.
EV-0853,The Amazon.fr search did not find a page that unambiguously matched the exact Gozney Tread model.,Search performed for the French territory; this spot check does not prove unavailability and does not justify any generic link.
EV-0854,The Amazon.fr search did not find a page that unambiguously matched the exact Gozney Dome XL Gen 2 model.,Search performed for the French territory; this spot check does not prove unavailability and does not justify any generic link.
EV-0855,The Amazon.fr search did not find a page that unambiguously matched the exact Gozney Dome Gen 2 model.,Search performed for the French territory; this spot check does not prove unavailability and does not justify any generic link.
EV-0856,The Amazon.fr search did not find a page that unambiguously matched the exact Gozney Arc model.,Search performed for the French territory; this spot check does not prove unavailability and does not justify any generic link.
EV-0857,The Amazon.fr search did not find a page that unambiguously matched the exact Gozney Roccbox model.,Search performed for the French territory; this spot check does not prove unavailability and does not justify any generic link.
EV-0860,ASIN B08Q6662GK opened the exact Sage Pizzaiolo page; the displayed price was €699.00 and the page showed one unit remaining.,"Signed-out session for Paris 75001; sold and shipped by Super10count; price, stock, condition and offer contents subject to change."
EV-0861,"Sage states 400°C, several pizza programmes, a manual mode separating stone-floor and ceiling heat, a cordierite stone and dimensions of 46.1 × 47.2 × 27 cm.",Manufacturer specifications and claims; the advertised two-minute time is not treated as a Four à Nu measurement.
EV-0862,"The European manual documents indoor installation on a stable worktop, the automatic programmes, manual mode and maintenance of the stone and pan.",Manufacturer instructions for the European version; they do not measure performance.
EV-0863,"At the 350°C setpoint, the source measures 358°C at the centre after 16 minutes; at maximum, 400°C is reached after 18 min 33 s, with 372°C at the front and 390°C at the rear.",Infrared measurements from the Les Numériques protocol on one unit; origin of the unit not specified.
EV-0864,"In this session at 350°C, the pizza bakes in 3 min 32 s and the stone floor returns to the target in 2 min 25 s.","Dough, diameter and setting specific to the source's protocol; time not generalisable to all pizzas."
EV-0865,The source records 27°C on the casing during the measurement at 350°C and 47 dB during operation; it also reports a colder front of the stone and constrained access for cleaning.,Measurements and observations on one unit; casing temperature depends on the measurement point and time.
EV-0866,"The source describes around twenty minutes to reach 400°C, bakes of 1 min 30 s to two minutes and use of the supplied stone, peel and dish.",Separate usage report with no stone-floor mapping; paid links and origin of the unit not specified.
EV-0868,"The BPZ820 is justified mainly for specialised and guided indoor use; its price, permanent footprint and cooler front of the stone must be accepted before purchase.","Inference from the merchant record and the cited specifications, measurements and observations; no physical Four à Nu test."
EV-0870,ASIN B0D9C2J4LJ opened the exact Cuisinart CPZ120E page; the displayed price was €235.00 and the offer was shown as in stock.,"Signed-out session for Paris 75001; sold and shipped by Amazon; price, stock, condition and offer contents subject to change."
EV-0871,"Cuisinart states 1,875 W, a range from 170 to 400°C, 30 cm pizzas, a lit window and a kit including a stone, folding peel, deep dish and cutter wheel.",French manufacturer specifications; the five-minute bake remains a manufacturer claim.
EV-0872,"The heat-up signal sounds after 11 min 39 s, but the source waits 22 minutes to stabilise at 350°C and records 356°C at the centre versus 298°C at the front.",Les Numériques protocol on the exact European reference; origin of the unit not specified.
EV-0873,"In this session, a pizza bakes in 5 min 50 s, recovery takes 3 min 58 s and 400°C is reached after 32 minutes, with a 19°C difference recorded across the stone floor.",Dough and setting specific to the protocol; the values are not directly comparable with another pizza style.
EV-0874,The source measures 54 dB continuously and 0.653 kWh over thirty minutes at 350°C; it describes an imprecise dial and less polished finishes.,Measurements and observations on one unit; consumption depends on the protocol and is not an annual cost.
EV-0875,"The source describes pizzas taking around seven minutes, straightforward handling and noise close to 60 dB on the CPZ120 platform.",North American version without the E suffix; this observation corroborates ergonomics but proves neither the power nor the measurements of the European CPZ120E.
EV-0876,"The manual requires letting the stone cool completely, removing baked-on residue without immersing it and not reusing it while damp.",Manufacturer instructions for the exact European reference; they measure neither performance nor durability.
EV-0878,"The CPZ120E prioritises straightforward controls and a complete kit; buyers need to accept its long heat-up time, imprecise dial and continuous noise rather than choose it solely for its 400°C claim.",Inference from the French page and the exact CPZ120E protocol; no physical Four à Nu test.
EV-0880,"ASIN B07PZQ55PC opened the exact black variant; the displayed price was €89.48 and the buy box showed “Amazon Seconde main”, fulfilled by Amazon.","Signed-out session for Paris 75001; the used-item condition must be checked again without exception; price, stock, seller and contents subject to change."
EV-0881,"The black variant carries code G10006 10 and EAN 8056095873526; the manufacturer states 1,200 W, a 31 cm stone, two heating elements, a five-minute timer and a thermostat up to 400°C.",Manufacturer specifications; the claimed pizzeria-style results and five-minute time are not Four à Nu measurements.
EV-0882,"The comparison prepares at least three pizzas per appliance: one frozen, one with homemade dough and one with shop-bought dough and toppings; it examines baking, sticking and cleaning.","Commercial section with affiliate links; the source uses G10006B without publishing the EAN or official colour code, and the origin of the unit is not specified."
EV-0883,"The source reports around ten minutes of preheating, strong heat when opening, a compact format and the usefulness of the two supplied half-peels.",Non-instrumented observations from the El País session; no score or position from the comparison is reproduced.
EV-0884,The source measures 363.7°C on the Delizia stone when the thermostat cuts out and 86.6°C on the controls.,One grey unit whose exact colour code is not published; infrared measurement at one point in the cycle; the site sells accessories and states that it funded the test itself.
EV-0885,The source observes strong thermostat-related fluctuations and judges the two half-peels difficult to use while opening the oven; it switches to a one-piece peel for the bake.,"Same grey unit not identified by a colour code; usage report from an accessories retailer, imperfect dough acknowledged and no standardised repetition."
EV-0888,"The Delizia provides access to a hotter stone floor than a common domestic oven in a small format, but requires monitoring the cycle, protecting one's hands and checking the exact condition of the offer and its accessories.","Inference from the merchant record, specifications and two third-party sessions; no Four à Nu measurement or bake."
EV-0890,ASIN B0CNQ82K3Y opened the exact OO101EU page; the displayed price was €345.00 and the page showed one unit remaining.,"Signed-out session for Paris 75001; sold and shipped by Ornsof; price, stock, condition and offer contents subject to change."
EV-0891,"The French FAQ restricts the appliance to outdoor use, gives a pizza range from 175 to 370°C and explains that pellets produce smoke during electric heating; it also displays 1,760 W and 19 kg.",The power and weight values contradict the exact European manual and German FAQ; they are not retained as established characteristics.
EV-0892,"The guide documents the pizza, roast, bake, smoke and dehydrate modes, as well as the stone, tray, rack and pellet compartment.",Manufacturer usage documentation; it does not prove the relative quality of the different modes.
EV-0893,"At the 350°C target, the source records the oven as ready after 11 min 54 s, then measures 350°C at the centre after 13 min 12 s; the requested maximum temperature is reached 2 min 20 s after the signal.",Les Numériques protocol on the exact European model; origin of the unit not specified.
EV-0894,"In this session, the pizza bakes in around 3 min 30 s, recovery takes 4 min 15 s and the average difference between zones is 7°C; the oven sometimes exceeds the setpoint.",Dough and setting specific to the protocol; the observed overshoot does not describe every unit.
EV-0895,"The source measures 34 dB and 0.729 kWh in its protocol; it reports the absence of a peel, a door without a window and constrained cleaning access around the heating element and rails.",Measurements and observations on one unit; consumption dependent on programme and duration.
EV-0896,"After around two years, the author says she keeps the appliance in her outdoor kitchen; the pizza setting remains central, she also uses it for various bakes and protects it with a cover.","Individual long-term report on a British variant whose page does not publish the exact SKU; affiliate links, no thermal protocol and acquisition method of the original unit not specified."
EV-0897,"The manual for the exact European model states 220–240 V, 50–60 Hz and 2,400 W.",Manufacturer specification for the European OO101EU; the power contradicts the French FAQ in EV-0891.
EV-0898,The OO101EU makes sense for a versatile outdoor kitchen with an electrical outlet; it must not be bought as a direct substitute for a hotter specialised oven or used indoors.,"Inference from manufacturer instructions, the European manual, laboratory measurements and a British family's report; the weight published by Ninja remains contradictory and no Four à Nu test exists."
EV-0899,"The German FAQ for the exact model states 2,400 W and 22 kg.","The power corroborates the European manual; the weight contradicts the French FAQ's 19 kg, so no single weight is retained."
EV-0900,"ASIN B0C4PY8QBV opened the exact black, original-generation ETNA Rotante page; the displayed price was €929.72 and the offer was shown as in stock.","Signed-out session for Paris 75001; sold and shipped by best 4me; price, stock, condition and offer contents subject to change."
EV-0901,"Witt describes a main U-shaped burner, a motorised rotating stone and a second burner beneath the stone for the ETNA Rotante generation launched in 2022.","Manufacturer presentation; claims of speed, uniformity and gas savings are not Four à Nu measurements."
EV-0902,"For the Rotante, the European manual documents two burners, 750 × 650 × 440 mm, 26.8 kg net, 33.6 kg gross, rotation at 2.5 revolutions per minute, outdoor use and category I3+(28–30/37) applicable to France.","Check the regulator, hose, rating plate and gas actually supplied; the manual does not give the 40.5 cm stone diameter published by reviews."
EV-0903,"The source publishes 26.8 kg, 66.3 × 76.1 × 43.6 cm, a 40.5 cm stone and rotation at 2.5 revolutions per minute; it describes moving the oven with two people.","Reported characteristics, not presented as measured; dimensions converge with the manual after placing the axes in the same order and rounding; paid links and origin of the unit not specified."
EV-0904,"In the reported session, the source preheats for around fifteen minutes and bakes most of the pizzas in around two minutes.","Times specific to the published pizzas and conditions; no stone temperature, weather or standardised repetitions; paid links and origin of the unit not specified."
EV-0905,"During an outdoor trial at around 7°C, the source waits nearly thirty minutes before judging the oven ready to bake.","Cold weather, an opening without a door and the absence of a published stone temperature limit comparability; affiliate links and acquisition method of the unit not specified."
EV-0906,"The first pizza burns at the edge at full flame; the second, baked after reducing the flame, has a base and crust rim judged to be better balanced. The page also publishes 40 kg and 63.3 × 76.1 × 43.6 cm.","Two trials without a comparative protocol; weight and width contradicting the manual, not retained as canonical characteristics; affiliate links and orange version received with no acquisition method specified."
EV-0907,"The author describes a heavy and wide oven, acknowledges the relevance of a more uniform stone floor, but prefers to retain the ability to move the pizza manually according to the heat zones.",Personal assessment without a complete quantified protocol; origin of the unit and commercial relationship not specified; failure reports are not included.
EV-0908,"The ETNA Rotante targets a fixed outdoor station and large pizzas; the rotation and burner beneath the stone floor reduce some actions without removing the need for monitoring, central placement or flame adjustment.","Inference from manufacturer documents, standardisation of the characteristics and three usage reports; no physical Four à Nu test exists and Rotante Control models are excluded."
EV-0909,"The source obtains its best balance after preheating at full power and then reducing the U-shaped burner; it also reports the absence of an integrated thermometer and peel, as well as a booster that can sometimes be difficult to see.","Usage report from one unit, with no universal setting; paid links and origin of the unit not specified."
EV-0910,"The product page states capacity for a pizza up to 40.5 cm, dimensions of 76 × 66 × 44 cm and a weight of 33 kg.",Rounded manufacturer characteristics; the page does not distinguish net and gross weight and does not constitute an independent measurement.
EV-0911,"The manual publishes 75 × 65 × 44 cm, 26.8 kg net and 33.6 kg gross; the product page rounds to 76 × 66 × 44 cm and 33 kg; Tech Advisor's figures agree within rounding once the axes are placed in the same order, while T3 publishes a width of 63.3 cm and 40 kg.","Documentary standardisation of units, axes and conventions; no value is averaged, the manual remains the manufacturer's reference and T3's uncorroborated figures remain visible."
EV-0305,"The product page lists €699, dimensions of 682 × 652 × 393 mm, 30 kg, a 20 mm stone and pizzas stated to be up to 45 cm. The France option uses 37 mbar and excludes the hose and regulator.","Official page checked on 7 September 2026. The oven-only price may change; check the basket and exact variant. Manufacturer dimensions, without a physical Four à Nu measurement."
EV-0306,"The product page lists €899.99, 530 × 629 × 342 mm, 26.5 kg, a 20 mm stone and a stated pizza size of up to 40 cm. The general contents list includes a 1.2 m hose and regulator.",European page in French checked on 7 September 2026; it offers a France variant. The general contents list does not replace confirmation of what is included with that variant. Price may change; manufacturer dimensions.
EV-0307,The calculated horizontal rectangle is 0.444664 m² for the Koda 2 Pro and 0.33337 m² for the Arc XL. The former is approximately 33.4% larger.,"Products of the two horizontal manufacturer dimensions: 0.682 × 0.652 and 0.530 × 0.629. Ratio (0.444664 / 0.33337 − 1) × 100. Excludes clearances, cylinder, hose, door and working movements; these are neither cooking areas nor safe installation areas."
EV-0308,The Koda 2 Pro is preferred for making use of its larger diameter and lower price when there is enough space; the Arc XL’s premium may be justified by its narrower body for pizzas generally measuring 30 to 35 cm.,"Decision inference based on specifications, the footprint calculation and previously attributed handling limitations. It does not distinguish cooking quality, throughput, taste or consumption."
EV-0309,"The product page lists €599, unpacked dimensions of 54.5 × 44.2 × 26.3 cm, 17.6 kg, 1,600 W, a range of 20 to 450 °C, pizza presets and oven, grill and proofing modes. The contents list includes a stone and rack, with no peel mentioned.",Official France product page checked on 7 September 2026. Price may change. The absence of a peel from the list is distinguished from checking a delivered box; dimensions exclude clearances.
EV-0315,"The product page lists €829.90, dimensions of 46.1 × 47.2 × 27 cm, 400 °C, pizza programmes and a manual mode with separate control of heat from the stone floor and above. A peel and pan are listed among the accessories.",Official France product page checked on 7 September 2026. Recheck the price and offer contents; the manual takes precedence for clearances and safety.
EV-0316,"The product page lists €399.90, 1,875 W, a range of 170 to 400 °C, a 30 cm pizza and temperature, timer and light controls. A stone, folding peel, deep dish and pizza wheel are listed.","Official France product page checked on 7 September 2026. Price may change; no usable external dimensions were available in the extracted page, so confirm them in the documentation before installation."
EV-0317,"The Cuisinart is selected for starting with the included accessories, the Volt for its variety of modes and the Sage for separate control of heat from below and above. At the recorded official prices, Volt minus Cuisinart is €199.10 and Sage minus Volt is €230.90.","Preferences based on functions and setup costs, without ranking cooking performance. Subtractions of dated manufacturer prices: 599 − 399.90; 829.90 − 599. No Amazon price or first-hand experience."
EV-0318,"The simulations give Cuisinart €399.90, Volt €679 and Koda 2 Pro €1,104. Only the oven lines use observed manufacturer prices; the other amounts are chosen editorial assumptions that can be changed.","Cuisinart: 399.90 + 0; Volt: 599 + 40 peel + 40 thermometer; Koda: 699 + 50 peel + 40 thermometer + 150 table + 50 gas connection + 30 cylinder deposit + 35 gas + 50 protective cover. Delivery assumed to be zero. Excludes ingredients, electricity, maintenance, repairs and replacement. A zero amount may indicate an item already owned. Separate electricity example: 0.8 kWh × €0.25/kWh = €0.20, two assumptions with no associated model."
EV-0319,"A useful budget distinguishes included equipment, items already owned, missing installation equipment and recurring expenses. Convenience purchases only become priorities when they meet a need for a particular size, storage arrangement or cooking pace.","Inference about organising the purchase based on different box contents and explicit simulations. No total constitutes a quotation, safety validation or promise of profitability."
