question_id,source_type,source_url,published_on,checked_on,question,categories,product_scope,purchase_stage,article_ids
Q-0001,forum,https://www.reddit.com/r/ooni/comments/1unwo9l/koda_12_vs_koda_16_advice/,2026-07-05,2026-08-23,"Le surcoût du Koda 16 face au Koda 12 est-il justifié pour un usage occasionnel ?",budget;price-value,"Ooni Koda 12; Ooni Koda 16",compare,OONI-002;OONI-013;OONI-014
Q-0002,forum,https://www.reddit.com/r/ooni/comments/1unwo9l/koda_12_vs_koda_16_advice/,2026-07-05,2026-08-23,"Quelles différences entre Koda 12 et Koda 16 se ressentent réellement pendant la cuisson ?",size;versatility,"Ooni Koda 12; Ooni Koda 16",compare,OONI-002;OONI-013;OONI-014
Q-0003,forum,https://www.reddit.com/r/ooni/comments/1unwo9l/koda_12_vs_koda_16_advice/,2026-07-05,2026-08-23,"Existe-t-il une meilleure alternative aux Koda 12 et 16 dans la même gamme de prix ?",budget;price-value,"Ooni Koda 12; Ooni Koda 16; concurrents",compare,OONI-001
Q-0004,forum,https://www.reddit.com/r/ooni/comments/1q1c57p/which_model_to_buy/,2026-01-01,2026-08-23,"Quel Koda choisir pour organiser régulièrement des soirées pizza d'environ six personnes ?",throughput;size,"Ooni Koda range",discover,OONI-001;OONI-002
Q-0005,forum,https://www.reddit.com/r/ooni/comments/1tybsoi/what_upgrade_to_get/,2026-06-06,2026-08-23,"Après une panne du Koda 12 vaut-il mieux le réparer le racheter ou changer de modèle ?",maintenance;durability;price-value,"Ooni Koda 12; Ooni Koda range",validate,OONI-013;OONI-038;OONI-039
Q-0006,forum,https://www.reddit.com/r/ooni/comments/1tybsoi/what_upgrade_to_get/,2026-06-06,2026-08-23,"Les Koda de deuxième génération valent-ils leur supplément de prix ?",budget;price-value,"Ooni Koda generations",compare,OONI-002;OONI-020;OONI-023
Q-0007,forum,https://www.reddit.com/r/ooni/comments/1tybsoi/what_upgrade_to_get/,2026-06-06,2026-08-23,"Un thermocouple ou dispositif de sécurité de flamme est-il assez simple à remplacer soi-même ?",maintenance;safety,"Ooni Koda 12",operate,OONI-013;OONI-038
Q-0008,forum,https://www.reddit.com/r/ooni/comments/1tfxiah/ooni_koda_12_vs_koda_2/,2026-05-17,2026-08-23,"Pour un premier four le Koda 2 mérite-t-il son surcoût face au Koda 12 ?",budget;price-value,"Ooni Koda 2; Ooni Koda 12",compare,OONI-020
Q-0009,forum,https://www.reddit.com/r/ooni/comments/1tfxiah/ooni_koda_12_vs_koda_2/,2026-05-17,2026-08-23,"Quels retours positifs ou négatifs d'usage départagent réellement Koda 2 et Koda 12 ?",versatility;durability,"Ooni Koda 2; Ooni Koda 12",compare,OONI-020
Q-0010,forum,https://www.reddit.com/r/ooni/comments/pra7vh/,2021-09-19,2026-08-23,"Le Koda 12 est-il assez grand pour une pizza de taille considérée comme normale ?",size,"Ooni Koda 12",validate,OONI-005;OONI-013
Q-0011,forum,https://www.reddit.com/r/ooni/comments/pra7vh/,2021-09-19,2026-08-23,"Une pizza de 12 pouces entre-t-elle confortablement dans un Koda 12 avec assez de marge pour la tourner ?",size;space,"Ooni Koda 12",validate,OONI-005;OONI-013
Q-0012,forum,https://www.reddit.com/r/ooni/comments/1m24kbt/,2025-07-17,2026-08-23,"Le Karu 2 vaut-il son supplément de prix face au Karu 12 ?",budget;price-value,"Ooni Karu 2; Ooni Karu 12",compare,OONI-024
Q-0013,forum,https://www.reddit.com/r/ooni/comments/1bsah71/,2024-03-31,2026-08-23,"Un four de 16 pouces facilite-t-il sensiblement l'enfournement et la rotation de pizzas de 12 pouces ?",size;space,"Ooni 12-inch; Ooni 16-inch",compare,OONI-005
Q-0014,forum,https://www.reddit.com/r/ooni/comments/1bsah71/,2024-03-31,2026-08-23,"Le prix supérieur d'un 16 pouces reste-t-il justifié sans intention de faire de grandes pizzas ?",budget;size;price-value,"Ooni 12-inch; Ooni 16-inch",compare,OONI-005
Q-0015,forum,https://www.reddit.com/r/ooni/comments/1u08c95/confused_on_what_ooni_model_to_buy_500600/,2026-06-08,2026-08-23,"Faut-il privilégier la simplicité du Koda gaz la polyvalence du Karu ou un modèle à granulés ?",energy;versatility,"Ooni Koda; Ooni Karu; pellet ovens",discover,OONI-001;OONI-004
Q-0016,forum,https://www.reddit.com/r/ooni/comments/1u08c95/confused_on_what_ooni_model_to_buy_500600/,2026-06-08,2026-08-23,"Les modèles au bois ou à granulés sont-ils difficiles ou contraignants à maîtriser au quotidien ?",energy;maintenance,"Ooni multi-fuel; pellet ovens",compare,OONI-003;OONI-004
Q-0017,forum,https://www.reddit.com/r/ooni/comments/1u08c95/confused_on_what_ooni_model_to_buy_500600/,2026-06-08,2026-08-23,"Un détendeur GPL standard est-il compatible avec le Koda 16 ou faut-il un raccord particulier ?",gas-compatibility;safety,"Ooni Koda 16",validate,OONI-014;OONI-037
Q-0018,forum,https://www.reddit.com/r/ooni/comments/1u08c95/confused_on_what_ooni_model_to_buy_500600/,2026-06-08,2026-08-23,"Quels Ooni peuvent descendre assez bas en température pour les cuissons longues ?",heat-up;versatility,"Ooni range",compare,OONI-001;OONI-004
Q-0019,forum,https://www.reddit.com/r/ooni/comments/1scw7t0/advice_between_karu_12_or_koda_12/,2026-04-05,2026-08-23,"Pour un premier Ooni 12 pouces faut-il choisir Karu multi-combustible ou Koda gaz ?",energy;versatility,"Ooni Karu 12; Ooni Koda 12",compare,OONI-004
Q-0020,forum,https://www.reddit.com/r/ooni/comments/1scw7t0/advice_between_karu_12_or_koda_12/,2026-04-05,2026-08-23,"Le bois est-il assez coûteux irrégulier et chronophage pour préférer directement le gaz ?",energy;maintenance;price-value,"Ooni Karu; Ooni Koda",compare,OONI-004;OONI-006
Q-0021,forum,https://www.reddit.com/r/ooni/comments/1scw7t0/advice_between_karu_12_or_koda_12/,2026-04-05,2026-08-23,"L'achat séparé du brûleur à gaz rend-il le Karu moins intéressant en coût total ?",accessories;budget;price-value,"Ooni Karu range",validate,OONI-006;OONI-032
Q-0022,forum,https://www.reddit.com/r/ooni/comments/1scw7t0/advice_between_karu_12_or_koda_12/,2026-04-05,2026-08-23,"Un Ooni 16 pouces est-il utile pour préparer essentiellement des napolitaines de 12 pouces ?",size;space,"Ooni 12-inch; Ooni 16-inch",compare,OONI-005
Q-0023,forum,https://www.reddit.com/r/ooni/comments/1scw7t0/advice_between_karu_12_or_koda_12/,2026-04-05,2026-08-23,"Les particuliers font-ils réellement souvent des pizzas de 16 pouces ou achètent-ils surtout de la marge de manœuvre ?",size;throughput,"Ooni 16-inch range",compare,OONI-005
Q-0024,forum,https://www.reddit.com/r/ooni/comments/1tn0pwf/ooni_koda_2_vs_karu_2_buying_a_1st_pizza_oven_for/,2026-05-25,2026-08-23,"Pour un débutant faut-il choisir la commodité du Koda 2 ou la polyvalence du Karu 2 ?",energy;versatility,"Ooni Koda 2; Ooni Karu 2",compare,OONI-025
Q-0025,forum,https://www.reddit.com/r/ooni/comments/1tn0pwf/ooni_koda_2_vs_karu_2_buying_a_1st_pizza_oven_for/,2026-05-25,2026-08-23,"L'avantage du bois ou du charbon compense-t-il la surveillance du feu et le nettoyage supplémentaire ?",energy;maintenance,"Ooni Koda 2; Ooni Karu 2",compare,OONI-004;OONI-025
Q-0026,forum,https://www.reddit.com/r/ooni/comments/1tn0pwf/ooni_koda_2_vs_karu_2_buying_a_1st_pizza_oven_for/,2026-05-25,2026-08-23,"Quel modèle des nouvelles gammes Karu et Koda convient le mieux à un cuisinier débutant ?",versatility,"Ooni Koda 2; Ooni Karu 2",discover,OONI-001;OONI-025
Q-0027,forum,https://www.reddit.com/r/ooni/comments/1rjs4m7/koda_2_pro_vs_karu_2_pro_which_makes_better_pizza/,2026-03-03,2026-08-23,"En utilisation gaz Koda 2 Pro ou Karu 2 Pro produit-il la cuisson la plus convaincante ?",energy;versatility,"Ooni Koda 2 Pro; Ooni Karu 2 Pro",compare,OONI-026
Q-0028,forum,https://www.reddit.com/r/ooni/comments/1rjs4m7/koda_2_pro_vs_karu_2_pro_which_makes_better_pizza/,2026-03-03,2026-08-23,"Lequel des deux modèles Pro convient le mieux à un mélange de pizzas napolitaines et new-yorkaises ?",versatility;heat-up,"Ooni Koda 2 Pro; Ooni Karu 2 Pro",compare,OONI-026
Q-0029,forum,https://www.reddit.com/r/ooni/comments/1tis2bd/ooni_12_ok_on_balcony/,2026-05-20,2026-08-23,"Peut-on légalement et sans danger utiliser un Koda à gaz sur un balcon d'appartement ?",safety;space;indoor-outdoor,"Ooni Koda range",validate,OONI-001;OONI-004;OONI-037
Q-0030,forum,https://www.reddit.com/r/ooni/comments/1uc15og/is_volt_2_good_or_nah/,2026-06-21,2026-08-23,"Lorsque le jardin se prête mal à une installation extérieure faut-il choisir un Volt 2 intérieur ?",space;indoor-outdoor;energy,"Ooni Volt 2",discover,OONI-018;OONI-027
Q-0031,forum,https://www.reddit.com/r/ooni/comments/1padk76/switch_to_volt2_from_gas/,2025-11-30,2026-08-23,"Le Volt 2 est-il assez abouti pour justifier son achat ?",price-value;durability,"Ooni Volt 2",validate,OONI-018
Q-0032,forum,https://www.reddit.com/r/ooni/comments/1padk76/switch_to_volt2_from_gas/,2025-11-30,2026-08-23,"Perd-on quelque chose en passant d'un Koda gaz au Volt 2 électrique ?",energy;versatility,"Ooni Koda range; Ooni Volt 2",compare,OONI-027
Q-0033,forum,https://www.reddit.com/r/ooni/comments/1padk76/switch_to_volt2_from_gas/,2025-11-30,2026-08-23,"Le passage du gaz à l'électrique impose-t-il une nouvelle courbe d'apprentissage importante ?",energy;versatility,"Ooni Koda range; Ooni Volt 2",compare,OONI-027
Q-0034,forum,https://www.reddit.com/r/ooni/comments/1padk76/switch_to_volt2_from_gas/,2025-11-30,2026-08-23,"La différence de goût entre cuisson électrique et cuisson au gaz est-elle perceptible ?",energy;versatility,"Ooni Koda range; Ooni Volt 2",compare,OONI-004;OONI-027
Q-0035,forum,https://www.reddit.com/r/ooni/comments/1ol9won/,2025-10-31,2026-08-23,"Quelle fiabilité à long terme attendre d'un four électrique face à un Koda à gaz ?",durability;maintenance,"Ooni Volt 2; Ooni Koda range",validate,OONI-018;OONI-027;OONI-038
Q-0036,forum,https://www.reddit.com/r/ooni/comments/1ol9won/,2025-10-31,2026-08-23,"Une panne électrique est-elle plus difficile ou coûteuse à réparer qu'une panne sur un four à gaz ?",maintenance;price-value,"Ooni Volt 2; Ooni Koda range",validate,OONI-018;OONI-038
Q-0037,forum,https://www.reddit.com/r/ooni/comments/1k90vig/,2025-04-27,2026-08-23,"Le Koda 2 Max est-il justifié pour une famille de quatre personnes ?",throughput;price-value,"Ooni Koda 2 Max",validate,OONI-012;OONI-022
Q-0038,forum,https://www.reddit.com/r/ooni/comments/1k90vig/,2025-04-27,2026-08-23,"Le Koda 2 Max est-il réellement réservé aux professionnels ?",throughput;versatility,"Ooni Koda 2 Max",discover,OONI-012
Q-0039,forum,https://www.reddit.com/r/ooni/comments/1k90vig/,2025-04-27,2026-08-23,"Le grand Koda 2 Max est-il plus difficile à prendre en main pour un débutant ?",size;versatility,"Ooni Koda 2 Max",validate,OONI-012;OONI-022
Q-0040,forum,https://www.reddit.com/r/ooni/comments/1hgn0mm/,2024-12-18,2026-08-23,"Quelle surface de table faut-il au Koda 2 Max et peut-il tenir sur un chariot de barbecue ?",space;size;safety,"Ooni Koda 2 Max",validate,OONI-012;OONI-035
Q-0041,forum,https://www.reddit.com/r/ooni/comments/1jvscq2/,2025-04-10,2026-08-23,"Quels accessoires faut-il réellement acheter en plus de la pelle ?",accessories;budget,"Ooni range",validate,OONI-006;OONI-030
Q-0042,forum,https://www.reddit.com/r/ooni/comments/1khwsqy/,2025-05-08,2026-08-23,"Pour une famille et quelques grandes soirées annuelles faut-il Koda 16 Koda 2 Pro ou Koda 2 Max ?",throughput;size;budget,"Ooni Koda 16; Ooni Koda 2 Pro; Ooni Koda 2 Max",compare,OONI-002;OONI-022;OONI-023
Q-0043,forum,https://www.reddit.com/r/ooni/comments/1khwsqy/,2025-05-08,2026-08-23,"Le modèle haut de gamme est-il excessif pour une utilisation familiale un week-end sur deux ?",budget;throughput;price-value,"Ooni Koda 2 Max",validate,OONI-012;OONI-022
Q-0044,forum,https://www.reddit.com/r/ooni/comments/1tzdnzb/want_to_buy_a_koda_2_max/,2026-06-07,2026-08-23,"Faut-il attendre une promotion avant d'acheter un Koda 2 Max ?",budget;price-value,"Ooni Koda 2 Max",validate,OONI-006;OONI-012
Q-0045,forum,https://www.reddit.com/r/ooni/comments/1rdl25w/volt_12_or_volt_2/,2026-02-24,2026-08-23,"À prix relativement proches vaut-il mieux un Volt 12 ancien ou un Volt 2 neuf ?",budget;price-value,"Ooni Volt 12; Ooni Volt 2",compare,OONI-018
Q-0046,forum,https://www.reddit.com/r/ooni/comments/1rdl25w/volt_12_or_volt_2/,2026-02-24,2026-08-23,"La garantie et la disponibilité du service après-vente doivent-elles faire préférer le Volt 2 au Volt 12 ?",warranty;durability,"Ooni Volt 12; Ooni Volt 2",validate,OONI-018;OONI-038
Q-0047,forum,https://www.reddit.com/r/ooni/comments/1unwo9l/comment/ovtxq54/,2026-07-06,2026-08-23,"Le brûleur en L risque-t-il de surcuire un côté pendant que l'on termine les autres ?",heat-up;versatility,"Ooni Koda 16",validate,OONI-014
Q-0048,forum,https://www.reddit.com/r/ooni/comments/1khwsqy/,2025-05-08,2026-08-23,"Quel modèle récupère le plus vite la température de pierre entre la deuxième et la troisième pizza ?",recovery;throughput,"Ooni Koda range",compare,OONI-002;OONI-005
Q-0049,forum,https://www.reddit.com/r/ooni/comments/1dpy9jy/koda_16_or_karu_12g/,2024-06-27,2026-08-23,"Le Koda 16 atteint-il les mêmes températures qu'un Karu malgré sa taille et son absence de porte ?",heat-up;energy,"Ooni Koda 16; Ooni Karu 2",compare,OONI-004;OONI-014;OONI-015
Q-0050,forum,https://www.reddit.com/r/ooni/comments/1dpy9jy/koda_16_or_karu_12g/,2024-06-27,2026-08-23,"Est-il dangereux d'ajouter ou de fermer une porte devant un Koda 16 pendant que le gaz brûle ?",safety;gas-compatibility,"Ooni Koda 16",validate,OONI-014;OONI-037
Q-0500,forum,https://www.reddit.com/r/GozneyArcArcXL/comments/1tbdkqr/maximum_pie_size/,2026-05-12,2026-08-24,"Le diamètre maximal justifie-t-il le passage de l'Arc à l'Arc XL pour les pizzas réellement préparées ?",size;space;versatility,"Gozney Arc; Gozney Arc XL",compare,GOZNEY-001
Q-0501,forum,https://www.reddit.com/r/GozneyArcArcXL/comments/1dtt7jm/16_inch_pizzas_in_the_xl/,2024-07-02,2026-08-24,"Une pizza de 40 cm laisse-t-elle assez de place pour tourner sans approcher excessivement la flamme ?",size;versatility,"Gozney Arc XL",validate,GOZNEY-001
Q-0502,forum,https://www.reddit.com/r/GozneyArcArcXL/comments/1ib5jae/cleaning_the_stone/,2025-01-27,2026-08-24,"Comment nettoyer la sole après un lancement raté sans endommager la pierre ni prolonger inutilement la chauffe ?",maintenance;safety,"Gozney Arc XL",operate,GOZNEY-001
Q-0503,forum,https://www.reddit.com/r/GozneyArcArcXL/comments/1e54cyf/my_first_attempt/,2024-07-17,2026-08-24,"Quelle profondeur de table faut-il réellement prévoir autour de l'Arc XL pour travailler et respecter les dégagements ?",space;safety,"Gozney Arc XL",validate,GOZNEY-001
Q-0510,forum,https://www.reddit.com/r/GozneyTread/comments/1r9z6zy/tread_vs_arc_lite/,2026-02-20,2026-08-24,Le Tread justifie-t-il son surcoût si le four reste presque toujours dans le jardin ?,budget;portability;price-value,"Gozney Arc Lite; Gozney Tread",compare,GOZNEY-002
Q-0511,forum,https://www.reddit.com/r/GozneyTread/comments/1r9z6zy/tread_vs_arc_lite/,2026-02-20,2026-08-24,Le Tread refroidit-il assez vite pour être rangé dans une voiture après une cuisson nomade ?,portability;recovery;safety,"Gozney Tread",validate,GOZNEY-002
Q-0512,forum,https://www.reddit.com/r/GozneyArcArcXL/comments/1un7grx/how_close_to_the_fence_can_i_put_an_arc_lite_or/,2026-07-04,2026-08-24,Quel dégagement faut-il garder entre l'Arc Lite et une clôture dans un petit jardin ?,safety;space,"Gozney Arc Lite",validate,GOZNEY-002
Q-0513,forum,https://www.reddit.com/r/pizzaoven/comments/1swueyn/gozney_arc_lite_vs_ooni_koda_2/,2026-04-27,2026-08-24,L'Arc Lite reste-t-il facile à manipuler pour cinq ou six pizzas de 25 à 28 cm ?,size;throughput,"Gozney Arc Lite",validate,GOZNEY-002
Q-0600,forum,https://www.reddit.com/r/ooni/comments/1vi4go9/halo_pro_users_what_do_you_think_of_the_min_dough/,2026-08-07,2026-08-24,"Le minimum annoncé de 1 kg du Halo Pro impose-t-il de congeler des pâtons pour les petites fournées ?",size;throughput;price-value,"Ooni Halo Pro",validate,OONI-040
Q-0601,forum,https://www.reddit.com/r/ooni/comments/1vi4go9/halo_pro_users_what_do_you_think_of_the_min_dough/,2026-08-07,2026-08-24,"Le Halo Core est-il plus cohérent que le Halo Pro lorsque la fournée habituelle compte deux à quatre pizzas ?",size;budget;throughput,"Ooni Halo Core; Ooni Halo Pro",compare,OONI-040
Q-0602,forum,https://www.reddit.com/r/ooni/comments/1vhr188/70_hydration_dough_halo_core_frustrations/,2026-08-07,2026-08-24,"Comment adapter vitesse, température et bassinage lorsqu'une pâte hydratée grimpe au crochet du Halo Core ?",versatility,"Ooni Halo Core",operate,OONI-040
Q-0603,forum,https://www.reddit.com/r/ooni/comments/1ux5ofa/introducing_the_new_ooni_halo_core/,2026-07-15,2026-08-24,"Combien de pâtons de 250 g le Halo Core peut-il pétrir au minimum et au maximum ?",throughput;size,"Ooni Halo Core",compare,OONI-040
